{
  "info": {
    "name": "Tienda Ropa API",
    "_postman_id": "d5c8b1ad-aaaa-bbbb-cccc-ddddeeefff11",
    "description": "Colección para probar CRUDs básicos y creación de ventas",
    "schema": "https://schema.getpostman.com/json/collection/v2.1.0/collection.json"
  },
  "item": [
    {
      "name": "Productos - List",
      "request": {
        "method": "GET",
        "url": "http://localhost:8080/api/productos"
      }
    },
    {
      "name": "Productos - Create",
      "request": {
        "method": "POST",
        "header": [
          {
            "key": "Content-Type",
            "value": "application/json"
          }
        ],
        "url": "http://localhost:8080/api/productos",
        "body": {
          "mode": "raw",
          "raw": "{\"codigoBarra\": \"750X\", \"nombre\": \"Camisa Test\", \"categoriaId\": 1, \"talla\": \"M\", \"color\": \"Negro\", \"proveedorId\": 1, \"precioVenta\": 25000}"
        }
      }
    },
    {
      "name": "Ventas - Crear",
      "request": {
        "method": "POST",
        "header": [
          {
            "key": "Content-Type",
            "value": "application/json"
          }
        ],
        "url": "http://localhost:8080/api/ventas/crear",
        "body": {
          "mode": "raw",
          "raw": "{\"clienteId\": 1, \"items\": [{\"productoId\": 1, \"cantidad\": 1, \"precioUnit\": 35000}, {\"productoId\": 2, \"cantidad\": 1, \"precioUnit\": 120000}]}"
        }
      }
    }
  ]
}